{"is_source_file": false, "format": "", "description": "", "external_files": [], "external_methods": [], "published": [], "classes": [], "methods": [], "calls": [], "search-terms": [], "state": 2, "file_id": 5, "knowledge_revision": 16, "git_revision": "9cf5c8a53b3a33c16730d460646ffa7d349b1d0c", "hash": "d9d975cebe2ec20b6c652e1e4c12ccf0", "format-version": 4, "code-base-name": "recipe_frontend", "filename": "recipe_frontend/public/manifest.json", "revision_history": [{"16": "9cf5c8a53b3a33c16730d460646ffa7d349b1d0c"}]}