{"is_source_file": false, "format": "", "description": "", "external_files": [], "external_methods": [], "published": [], "classes": [], "methods": [], "calls": [], "search-terms": [], "state": 2, "file_id": 7, "knowledge_revision": 14, "git_revision": "9cf5c8a53b3a33c16730d460646ffa7d349b1d0c", "hash": "22f9e17cc1848b56dbb244518ac2707e", "format-version": 4, "code-base-name": "recipe_frontend", "filename": "recipe_frontend/src/App.css", "revision_history": [{"14": "9cf5c8a53b3a33c16730d460646ffa7d349b1d0c"}]}