{"is_source_file": true, "format": "JavaScript", "description": "Test setup file for configuring Jest DOM matchers in the React test environment", "external_files": ["@testing-library/jest-dom"], "external_methods": [], "published": [], "classes": [], "methods": [], "calls": ["import '@testing-library/jest-dom'"], "search-terms": ["setupTests.js", "jest-dom", "matching", "DOM nodes", "testing-library"], "state": 2, "file_id": 8, "knowledge_revision": 19, "git_revision": "9cf5c8a53b3a33c16730d460646ffa7d349b1d0c", "ctags": [], "hash": "1a77571e1a8cf36018a41bcedf60db75", "format-version": 4, "code-base-name": "recipe_frontend", "filename": "recipe_frontend/src/setupTests.js", "revision_history": [{"19": "9cf5c8a53b3a33c16730d460646ffa7d349b1d0c"}]}