{"is_source_file": false, "format": "", "description": "", "external_files": [], "external_methods": [], "published": [], "classes": [], "methods": [], "calls": [], "search-terms": ["eslint", "eslint.config.mjs", "rules", "plugins", "configuration"], "state": 2, "file_id": 2, "knowledge_revision": 17, "git_revision": "9cf5c8a53b3a33c16730d460646ffa7d349b1d0c", "hash": "be6538e7523bc2e9da0743133d784136", "format-version": 4, "code-base-name": "recipe_frontend", "filename": "recipe_frontend/eslint.config.mjs", "revision_history": [{"17": "9cf5c8a53b3a33c16730d460646ffa7d349b1d0c"}]}