{"is_source_file": false, "format": "", "description": "", "external_files": [], "external_methods": [], "published": [], "classes": [], "methods": [], "calls": [], "search-terms": [], "state": 2, "file_id": 4, "knowledge_revision": 15, "git_revision": "9cf5c8a53b3a33c16730d460646ffa7d349b1d0c", "hash": "d2b40d02d5f7873d8a6713bad837edd4", "format-version": 4, "code-base-name": "recipe_frontend", "filename": "recipe_frontend/public/index.html", "revision_history": [{"15": "9cf5c8a53b3a33c16730d460646ffa7d349b1d0c"}]}