{"is_source_file": false, "format": "", "description": "", "external_files": [], "external_methods": [], "published": [], "classes": [], "methods": [], "calls": [], "search-terms": [], "state": 2, "file_id": 10, "knowledge_revision": 18, "git_revision": "9cf5c8a53b3a33c16730d460646ffa7d349b1d0c", "hash": "6c2104b8d219ed99234ae2d6329f4357", "format-version": 4, "code-base-name": "recipe_frontend", "filename": "recipe_frontend/src/index.css", "revision_history": [{"18": "9cf5c8a53b3a33c16730d460646ffa7d349b1d0c"}]}