{"is_source_file": false, "format": "", "description": "", "external_files": [], "external_methods": [], "published": [], "classes": [], "methods": [], "calls": [], "search-terms": [], "state": 2, "file_id": 3, "knowledge_revision": 22, "git_revision": "9cf5c8a53b3a33c16730d460646ffa7d349b1d0c", "hash": "ebece526bc2eadd78ddd787a76c56607", "format-version": 4, "code-base-name": "recipe_frontend", "filename": "recipe_frontend/README.md", "revision_history": [{"22": "9cf5c8a53b3a33c16730d460646ffa7d349b1d0c"}]}