{"is_source_file": false, "format": "", "description": "", "external_files": [], "external_methods": [], "published": [], "classes": [], "methods": [], "calls": [], "search-terms": [], "state": 2, "file_id": 12, "knowledge_revision": 23, "git_revision": "9cf5c8a53b3a33c16730d460646ffa7d349b1d0c", "hash": "d001d53c059625c4bcf75bf5a7f3fcf0", "format-version": 4, "code-base-name": "recipe_frontend", "filename": "recipe_frontend/package.json", "revision_history": [{"23": "9cf5c8a53b3a33c16730d460646ffa7d349b1d0c"}]}