{"is_source_file": true, "format": "JavaScript (React JSX)", "description": "This file defines a React component 'App' that manages a theme toggle between light and dark modes. It includes UI elements such as a button, an image, and some links, with associated logic for theme switching.", "external_files": ["./logo.svg", "./App.css"], "external_methods": ["document.documentElement.setAttribute"], "published": ["App"], "classes": [], "methods": [{"name": "App()", "description": "React functional component that manages theme state and renders UI elements for theme toggle", "scope": "", "scopeKind": ""}, {"name": "toggleTheme", "description": "Function to toggle between 'light' and 'dark' themes, updating the theme state"}], "calls": ["useState", "useEffect", "document.documentElement.setAttribute", "setTheme", "setTheme(prevTheme => prevTheme === 'light' ? 'dark' : 'light')"], "search-terms": ["React", "useState", "useEffect", "theme toggle", "App component", "App.js"], "state": 2, "file_id": 9, "knowledge_revision": 25, "git_revision": "9cf5c8a53b3a33c16730d460646ffa7d349b1d0c", "ctags": [{"_type": "tag", "name": "App", "path": "/home/kavia/workspace/code-generation/recipe-hub-201284-201293/recipe_frontend/src/App.js", "pattern": "/^function App() {$/", "language": "JavaScript", "kind": "function", "signature": "()"}, {"_type": "tag", "name": "Switch to ${theme === 'light' ? 'dark' : 'light'} mode", "path": "/home/kavia/workspace/code-generation/recipe-hub-201284-201293/recipe_frontend/src/App.js", "pattern": "/^          aria-label={`Switch to ${theme === 'light' ? 'dark' : 'light'} mode`}$/", "language": "JavaScript", "kind": "field", "scope": "App.aria", "scopeKind": "class"}, {"_type": "tag", "name": "toggleTheme", "path": "/home/kavia/workspace/code-generation/recipe-hub-201284-201293/recipe_frontend/src/App.js", "pattern": "/^          onClick={toggleTheme}$/", "language": "JavaScript", "kind": "field", "scope": "App.onClick", "scopeKind": "class"}], "hash": "b55dd9e6a018e59207d8e277dffd9e11", "format-version": 4, "code-base-name": "recipe_frontend", "filename": "recipe_frontend/src/App.js", "fields": [{"name": "aria-label={`Switch to ${theme === 'light' ? 'dark' : 'light'} mode`}", "scope": "App.aria", "scopeKind": "class", "description": "unavailable"}, {"name": "onClick={toggleTheme}", "scope": "App.onClick", "scopeKind": "class", "description": "unavailable"}], "revision_history": [{"25": "9cf5c8a53b3a33c16730d460646ffa7d349b1d0c"}]}