{"is_source_file": true, "format": "JavaScript (React JSX)", "description": "This file is the entry point for a React application, setting up rendering of the main App component into the DOM.", "external_files": ["./App", "./index.css"], "external_methods": ["ReactDOM.createRoot", "root.render"], "published": [], "classes": [], "methods": ["ReactDOM.createRoot", "root.render"], "calls": ["ReactDOM.createRoot", "root.render", "React.StrictMode", "<App />"], "search-terms": ["index.js", "React", "ReactDOM", "React.StrictMode", "app mounting"], "state": 2, "file_id": 6, "knowledge_revision": 24, "git_revision": "9cf5c8a53b3a33c16730d460646ffa7d349b1d0c", "ctags": [{"_type": "tag", "name": "root", "path": "/home/kavia/workspace/code-generation/recipe-hub-201284-201293/recipe_frontend/src/index.js", "pattern": "/^const root = ReactDOM.createRoot(document.getElementById('root'));$/", "language": "JavaScript", "kind": "constant"}], "hash": "9fc5841375336fc175b49f8767a11383", "format-version": 4, "code-base-name": "recipe_frontend", "filename": "recipe_frontend/src/index.js", "revision_history": [{"24": "9cf5c8a53b3a33c16730d460646ffa7d349b1d0c"}]}